﻿pos_x,pos_y,rotation,side,designator,mpn,pack,footprint,value,mount_type,place
-68.819679,87.07408,-90.0,top,D1,,,D_DO-35_SOD27_P7.62mm_Horizontal,1N4148,tht,True
-23.819679,87.07408,-90.0,top,D10,,,D_DO-35_SOD27_P7.62mm_Horizontal,1N4148,tht,True
-18.819679,84.57408,-90.0,top,D11,,,D_DO-35_SOD27_P7.62mm_Horizontal,1N4148,tht,True
-13.819679,82.07408,-90.0,top,D12,,,D_DO-35_SOD27_P7.62mm_Horizontal,1N4148,tht,True
-68.819679,72.07408,-90.0,top,D13,,,D_DO-35_SOD27_P7.62mm_Horizontal,1N4148,tht,True
-63.819679,69.57408,-90.0,top,D14,,,D_DO-35_SOD27_P7.62mm_Horizontal,1N4148,tht,True
-58.819679,67.07408,-90.0,top,D15,,,D_DO-35_SOD27_P7.62mm_Horizontal,1N4148,tht,True
-53.819679,72.07408,-90.0,top,D16,,,D_DO-35_SOD27_P7.62mm_Horizontal,1N4148,tht,True
-48.819679,69.57408,-90.0,top,D17,,,D_DO-35_SOD27_P7.62mm_Horizontal,1N4148,tht,True
-43.819679,67.07408,-90.0,top,D18,,,D_DO-35_SOD27_P7.62mm_Horizontal,1N4148,tht,True
-38.819679,72.07408,-90.0,top,D19,,,D_DO-35_SOD27_P7.62mm_Horizontal,1N4148,tht,True
-53.819679,87.07408,-90.0,top,D2,,,D_DO-35_SOD27_P7.62mm_Horizontal,1N4148,tht,True
-33.819679,69.57408,-90.0,top,D20,,,D_DO-35_SOD27_P7.62mm_Horizontal,1N4148,tht,True
-28.819679,67.07408,-90.0,top,D21,,,D_DO-35_SOD27_P7.62mm_Horizontal,1N4148,tht,True
114.745603,72.07408,-90.0,top,D22,,,D_DO-35_SOD27_P7.62mm_Horizontal,1N4148,tht,True
109.745603,69.57408,-90.0,top,D23,,,D_DO-35_SOD27_P7.62mm_Horizontal,1N4148,tht,True
104.745603,67.07408,-90.0,top,D24,,,D_DO-35_SOD27_P7.62mm_Horizontal,1N4148,tht,True
129.745603,72.07408,-90.0,top,D25,,,D_DO-35_SOD27_P7.62mm_Horizontal,1N4148,tht,True
124.745603,69.57408,-90.0,top,D26,,,D_DO-35_SOD27_P7.62mm_Horizontal,1N4148,tht,True
119.745603,67.07408,-90.0,top,D27,,,D_DO-35_SOD27_P7.62mm_Horizontal,1N4148,tht,True
84.745603,87.07408,-90.0,top,D28,,,D_DO-35_SOD27_P7.62mm_Horizontal,1N4148,tht,True
79.745603,84.57408,-90.0,top,D29,,,D_DO-35_SOD27_P7.62mm_Horizontal,1N4148,tht,True
-38.819679,87.07408,-90.0,top,D3,,,D_DO-35_SOD27_P7.62mm_Horizontal,1N4148,tht,True
74.745603,82.07408,-90.0,top,D30,,,D_DO-35_SOD27_P7.62mm_Horizontal,1N4148,tht,True
99.745603,87.07408,-90.0,top,D31,,,D_DO-35_SOD27_P7.62mm_Horizontal,1N4148,tht,True
94.745603,84.57408,-90.0,top,D32,,,D_DO-35_SOD27_P7.62mm_Horizontal,1N4148,tht,True
89.745603,82.07408,-90.0,top,D33,,,D_DO-35_SOD27_P7.62mm_Horizontal,1N4148,tht,True
89.745603,67.07408,-90.0,top,D34,,,D_DO-35_SOD27_P7.62mm_Horizontal,1N4148,tht,True
114.745603,87.07408,-90.0,top,D35,,,D_DO-35_SOD27_P7.62mm_Horizontal,1N4148,tht,True
109.745603,84.57408,-90.0,top,D36,,,D_DO-35_SOD27_P7.62mm_Horizontal,1N4148,tht,True
104.745603,82.07408,-90.0,top,D37,,,D_DO-35_SOD27_P7.62mm_Horizontal,1N4148,tht,True
94.745603,69.57408,-90.0,top,D38,,,D_DO-35_SOD27_P7.62mm_Horizontal,1N4148,tht,True
129.745603,87.07408,-90.0,top,D39,,,D_DO-35_SOD27_P7.62mm_Horizontal,1N4148,tht,True
-63.819679,84.57408,-90.0,top,D4,,,D_DO-35_SOD27_P7.62mm_Horizontal,1N4148,tht,True
124.745603,84.57408,-90.0,top,D40,,,D_DO-35_SOD27_P7.62mm_Horizontal,1N4148,tht,True
119.745603,82.07408,-90.0,top,D41,,,D_DO-35_SOD27_P7.62mm_Horizontal,1N4148,tht,True
99.745603,72.07408,-90.0,top,D42,,,D_DO-35_SOD27_P7.62mm_Horizontal,1N4148,tht,True
-48.819679,84.57408,-90.0,top,D5,,,D_DO-35_SOD27_P7.62mm_Horizontal,1N4148,tht,True
-33.819679,84.57408,-90.0,top,D6,,,D_DO-35_SOD27_P7.62mm_Horizontal,1N4148,tht,True
-58.819679,82.07408,-90.0,top,D7,,,D_DO-35_SOD27_P7.62mm_Horizontal,1N4148,tht,True
-43.819679,82.07408,-90.0,top,D8,,,D_DO-35_SOD27_P7.62mm_Horizontal,1N4148,tht,True
-28.819679,82.07408,-90.0,top,D9,,,D_DO-35_SOD27_P7.62mm_Horizontal,1N4148,tht,True
26.662839,6.033976,90.0,top,J2,,,PinHeader_1x04_P2.54mm_Vertical,Conn_01x04_Pin,tht,True
30.462839,39.233976,0.0,top,S1,RKJXT1F42001,,RKJXT1F42001,RKJXT1F42001,tht,True
65.560029,-55.008664,-42.5,top,S2,,,STAB_MX_2u,MX_stab,tht,True
-83.89539,33.801187,-24.0,top,SW1,,,SW_MX_1u,SW_Push,tht,True
-23.551535,28.827097,-24.0,top,SW10,,,SW_MX_1u,SW_Push,tht,True
-31.299868,11.424056,-24.0,top,SW11,,,SW_MX_1u,SW_Push,tht,True
-39.048201,-5.978985,-24.0,top,SW12,,,SW_MX_1u,SW_Push,tht,True
-8.182177,16.511037,-24.0,top,SW13,,,SW_MX_1u,SW_Push,tht,True
-15.93051,-0.892004,-24.0,top,SW14,,,SW_MX_1u,SW_Push,tht,True
-23.678843,-18.295045,-24.0,top,SW15,,,SW_MX_1u,SW_Push,tht,True
9.220864,8.762704,-24.0,top,SW16,,,SW_MX_1u,SW_Push,tht,True
1.472531,-8.640337,-24.0,top,SW17,,,SW_MX_1u,SW_Push,tht,True
-6.275803,-26.043378,-24.0,top,SW18,,,SW_MX_1u,SW_Push,tht,True
-31.427176,-35.698086,-24.0,top,SW19,,,SW_MX_1u,SW_Push,tht,True
-65.27214,28.793491,-24.0,top,SW2,,,SW_MX_1u,SW_Push,tht,True
-4.625114,-55.000205,-47.5,top,SW20,,,SW_MX_1.75u,SW_Push,tht,True
7.606833,-72.561157,-62.7,top,SW21,,,SW_MX_1u,SW_Push,tht,True
51.704814,8.762704,24.0,top,SW22,,,SW_MX_1u,SW_Push,tht,True
59.453147,-8.640337,24.0,top,SW23,,,SW_MX_1u,SW_Push,tht,True
67.20148,-26.043378,24.0,top,SW24,,,SW_MX_1u,SW_Push,tht,True
69.107855,16.511037,24.0,top,SW25,,,SW_MX_1u,SW_Push,tht,True
76.856188,-0.892004,24.0,top,SW26,,,SW_MX_1u,SW_Push,tht,True
84.604521,-18.295045,24.0,top,SW27,,,SW_MX_1u,SW_Push,tht,True
84.477213,28.827097,24.0,top,SW28,,,SW_MX_1u,SW_Push,tht,True
92.225546,11.424056,24.0,top,SW29,,,SW_MX_1u,SW_Push,tht,True
-42.174786,33.834794,-24.0,top,SW3,,,SW_MX_1u,SW_Push,tht,True
99.973879,-5.978985,24.0,top,SW30,,,SW_MX_1u,SW_Push,tht,True
103.100464,33.834794,24.0,top,SW31,,,SW_MX_1u,SW_Push,tht,True
110.848797,16.431753,24.0,top,SW32,,,SW_MX_1u,SW_Push,tht,True
118.59713,-0.971288,24.0,top,SW33,,,SW_MX_1u,SW_Push,tht,True
53.318845,-72.561156,62.7,top,SW34,,,SW_MX_1u,SW_Push,tht,True
126.197818,28.793491,24.0,top,SW35,,,SW_MX_1u,SW_Push,tht,True
133.946151,11.39045,24.0,top,SW36,,,SW_MX_1u,SW_Push,tht,True
141.694484,-6.012591,24.0,top,SW37,,,SW_MX_1u,SW_Push,tht,True
65.560029,-55.008664,47.5,top,SW38,,,SW_MX_1.75u,SW_Push,tht,True
149.171829,35.73827,24.0,top,SW39,,,SW_MX_1.5u,SW_Push,tht,True
-93.819103,17.366688,-24.0,top,SW4,,,SW_MX_1.25u,SW_Push,tht,True
156.920162,18.335229,24.0,top,SW40,,,SW_MX_1.5u,SW_Push,tht,True
160.317734,-1.004895,24.0,top,SW41,,,SW_MX_1u,SW_Push,tht,True
92.352854,-35.698086,24.0,top,SW42,,,SW_MX_1u,SW_Push,tht,True
-73.020473,11.39045,-24.0,top,SW5,,,SW_MX_1u,SW_Push,tht,True
-49.923119,16.431753,-24.0,top,SW6,,,SW_MX_1u,SW_Push,tht,True
-99.392056,-1.004894,-24.0,top,SW7,,,SW_MX_1u,SW_Push,tht,True
-80.768806,-6.012591,-24.0,top,SW8,,,SW_MX_1u,SW_Push,tht,True
-57.671452,-0.971288,-24.0,top,SW9,,,SW_MX_1u,SW_Push,tht,True
30.462962,71.58898,0.0,top,U1,,,Helios_ACH,Helios,tht,False
