﻿Designator,Quantity,Value,Footprint,Package,MPN,DNP,Mount_Type,Sim.Device,Sim.Pins,Description,Height,Mouser Part Number,Mouser Price/Stock,Manufacturer_Name
"D1, D10, D11, D12, D13, D14, D15, D16, D17, D18, D19, D2, D20, D21, D22, D23, D24, D25, D26, D27, D28, D29, D3, D30, D31, D32, D33, D34, D35, D36, D37, D38, D39, D4, D40, D41, D42, D5, D6, D7, D8, D9",42,1N4148,D_DO-35_SOD27_P7.62mm_Horizontal,,,,tht,D,1=K 2=A,,,,,
J2,1,Conn_01x04_Pin,PinHeader_1x04_P2.54mm_Vertical,,,,tht,,,"Generic connector, single row, 01x04, script generated",,,,
S1,1,RKJXT1F42001,RKJXT1F42001,,RKJXT1F42001,,tht,,,Multi-Directional Switches 4 drectnl swtch cntr push w/ an encoder,17,688-RKJXT1F42001,https://www.mouser.co.uk/ProductDetail/Alps-Alpine/RKJXT1F42001?qs=6EGMNY9ZYDTsBzSTrhiL0w%3D%3D,ALPS Electric
S2,1,MX_stab,STAB_MX_2u,,,,tht,,,Cherry MX-style stabilizer,,,,
"SW1, SW10, SW11, SW12, SW13, SW14, SW15, SW16, SW17, SW18, SW19, SW2, SW21, SW22, SW23, SW24, SW25, SW26, SW27, SW28, SW29, SW3, SW30, SW31, SW32, SW33, SW34, SW35, SW36, SW37, SW41, SW42, SW5, SW6, SW7, SW8, SW9",37,SW_Push,SW_MX_1u,,,,tht,,,,,,,
"SW20, SW38",2,SW_Push,SW_MX_1.75u,,,,tht,,,,,,,
"SW39, SW40",2,SW_Push,SW_MX_1.5u,,,,tht,,,,,,,
SW4,1,SW_Push,SW_MX_1.25u,,,,tht,,,,,,,
U1,1,Helios,Helios_ACH,,,,tht,,,Symbol for an 0xCB Helios,,,,
