﻿Designator,Footprint,Quantity,Value,LCSC Part #
"D1, D10, D11, D12, D13, D14, D15, D16, D17, D18, D19, D2, D20, D21, D22, D23, D24, D25, D26, D27, D28, D29, D3, D30, D31, D32, D33, D34, D35, D36, D37, D38, D39, D4, D40, D41, D42, D5, D6, D7, D8, D9",D_DO-35_SOD27_P7.62mm_Horizontal,42,1N4148,
J2,PinHeader_1x04_P2.54mm_Vertical,1,Conn_01x04_Pin,
S1,RKJXT1F42001,1,RKJXT1F42001,
S2,STAB_MX_2u,1,MX_stab,
"SW1, SW10, SW11, SW12, SW13, SW14, SW15, SW16, SW17, SW18, SW19, SW2, SW21, SW22, SW23, SW24, SW25, SW26, SW27, SW28, SW29, SW3, SW30, SW31, SW32, SW33, SW34, SW35, SW36, SW37, SW41, SW42, SW5, SW6, SW7, SW8, SW9",SW_MX_1u,37,SW_Push,
"SW20, SW38",SW_MX_1.75u,2,SW_Push,
"SW39, SW40",SW_MX_1.5u,2,SW_Push,
SW4,SW_MX_1.25u,1,SW_Push,
